{"cameraMode":{"drawMode":0,"name":"Shaded","section":"Shading Mode"},"sceneLighting":true,"audioPlay":false,"sceneViewState":{"showFog":true,"showMaterialUpdate":false,"showSkybox":true,"showFlares":true,"showImageEffects":true,"showParticleSystems":true},"in2DMode":false,"pivot":{"x":-0.03458012640476227,"y":0.13916447758674622,"z":0.5592025518417358},"rotation":{"x":-0.021841639652848245,"y":-0.8090499639511108,"z":0.5865615606307983,"w":-0.03011191263794899},"size":2.1623687744140627,"orthographic":false}